{
  "mean": 0.01253101509064436,
  "std": 0.06615400314331055
}